created_at,account_id,account_lead_id,modified_at,log_type,log_id,log_date,log_subtype_id,log_subtype_name,milestone_id,milestone_name,log_note,log_user_id,log_user_email,log_user_name,group_id,group_name,imported,updated_at,log_type_id
2019-09-16 15:08:26.505175,10,1125742,09/10/2019 16:01:42,Status,155567,09/10/2019 16:01:42,2,Contact Attempt 1,,,,-100,velocify.system.user@securesend.org,"System, Velocify",,,,2019-09-16 15:08:26.505175,7
2019-09-16 15:08:26.505284,10,1125742,09/10/2019 16:01:42,CreationLog,160755,09/10/2019 16:01:40,-50,,,,,1,velocifysandbox@pro-pair.com,"Ewing, Ethan",20,Main,-1,2019-09-16 15:08:26.505284,
2019-09-16 15:08:26.505342,10,1125742,09/10/2019 16:01:42,Export,113450,09/10/2019 16:01:42,-50,Failure,,,"https://nijt588ad1.execute-api.us-west-1.amazonaws.com/Stage/leads:{
	""lead"": {
		""payload"": {
			""id"": ""1125742"",
		  ""actionCount"": ""0"",
		  ""campaign"": ""LendingTree"",
		  ""campaignGroup"": ""Self Generated"",
		  ""creditProfile"": ""614"",
		  ""dateAdded"": ""9/10/2019 4:01 PM"",
		  ""dayPhone"": ""(555) 522-8432"",
		  ""email"": ""aaronwilliams@hotmail.com"",
		  ""eveningPhone"": ""(555) 732-4329"",
		  ""existingHomeValue"": ""1"",
		  ""firstName"": ""Beth"",
		  ""intendedPropertyUse"": ""PRIMARYHOME"",
		  ""lastDuplicate"": """",
		  ""lastName"": ""Bryant"",
		  ""loanAmount"": ""188774.00"",
		  ""loanPurpose"": ""REFIANCE"",
		  ""propertyAddress"": ""na"",
		  ""propertyState"": ""TEXAS"",
		  ""propertyType"": ""COOPERATIVE"",
		  ""propertyZipCode"": ""56600"",
		  ""purchasePrice"": ""49774.00"",
		  ""LeadProviderName"": ""MISSING"",
		  ""IsMilitary"": ""Yes"",
		  ""CIS"": ""0.3"",
		  ""FICO"": ""320""
		}
	}
}",-100,,"System, Velocify",,,,2019-09-16 15:08:26.505342,6
2019-09-16 15:08:26.505394,10,1125742,09/10/2019 16:01:42,Email,432843,09/10/2019 16:01:42,117,Newly Assigned Lead Notification,,,,1,velocifysandbox@pro-pair.com,"Ewing, Ethan",20,Main,,2019-09-16 15:08:26.505394,5
2019-09-16 15:08:26.505445,10,1125742,09/10/2019 16:01:42,Email,432844,09/10/2019 16:01:42,119,Introduction Email: Generic,,,,-100,,"System, Email",,,,2019-09-16 15:08:26.505445,5
2019-09-16 15:08:26.505495,10,1125742,09/10/2019 16:01:42,Distribution,255781,09/10/2019 16:01:42,38,New Lead Distribution,,,,11402,test4@pro-pair.com,"GottaHaveThose, Recommendations",,,,2019-09-16 15:08:26.505495,4
2019-09-16 15:08:26.505546,10,1125743,09/11/2019 01:06:03,Status,155568,09/10/2019 16:03:43,2,Contact Attempt 1,,,,-100,velocify.system.user@securesend.org,"System, Velocify",,,,2019-09-16 15:08:26.505546,7
2019-09-16 15:08:26.505596,10,1125743,09/11/2019 01:06:03,CreationLog,160756,09/10/2019 16:03:40,-50,,,,,1,velocifysandbox@pro-pair.com,"Ewing, Ethan",20,Main,-1,2019-09-16 15:08:26.505596,
2019-09-16 15:08:26.505645,10,1125743,09/11/2019 01:06:03,Export,113451,09/10/2019 16:03:41,-50,Failure,,,"https://nijt588ad1.execute-api.us-west-1.amazonaws.com/Stage/leads:{
	""lead"": {
		""payload"": {
			""id"": ""1125743"",
		  ""actionCount"": ""0"",
		  ""campaign"": ""BestRateReferrals"",
		  ""campaignGroup"": ""PROPAIR 3rd Party"",
		  ""creditProfile"": ""763"",
		  ""dateAdded"": ""9/10/2019 4:03 PM"",
		  ""dayPhone"": ""(555) 512-4806"",
		  ""email"": ""andrewsjennifer@macdonald.com"",
		  ""eveningPhone"": ""(555) 636-7116"",
		  ""existingHomeValue"": ""1"",
		  ""firstName"": ""Sherri"",
		  ""intendedPropertyUse"": ""INVESTOR"",
		  ""lastDuplicate"": """",
		  ""lastName"": ""Hall"",
		  ""loanAmount"": ""445737.00"",
		  ""loanPurpose"": ""DEBTCONSOLIDATION"",
		  ""propertyAddress"": ""na"",
		  ""propertyState"": ""RHODEISLAND"",
		  ""propertyType"": ""SECONDHOME"",
		  ""propertyZipCode"": ""46477"",
		  ""purchasePrice"": ""764949.0023"",
		  ""LeadProviderName"": ""ONLINEAPPLICATION"",
		  ""IsMilitary"": ""Yes"",
		  ""CIS"": ""0.7"",
		  ""FICO"": ""495""
		}
	}
}",-100,,"System, Velocify",,,,2019-09-16 15:08:26.505645,6
2019-09-16 15:08:26.505695,10,1125743,09/11/2019 01:06:03,Email,432845,09/10/2019 16:03:42,117,Newly Assigned Lead Notification,,,,1,velocifysandbox@pro-pair.com,"Ewing, Ethan",20,Main,,2019-09-16 15:08:26.505695,5
2019-09-16 15:08:26.505744,10,1125743,09/11/2019 01:06:03,Email,432846,09/10/2019 16:03:42,119,Introduction Email: Generic,,,,-100,,"System, Email",,,,2019-09-16 15:08:26.505744,5
2019-09-16 15:08:26.505793,10,1125743,09/11/2019 01:06:03,Distribution,255782,09/10/2019 16:03:43,38,New Lead Distribution,,,,1,velocifysandbox@pro-pair.com,"Ewing, Ethan",20,Main,,2019-09-16 15:08:26.505793,4
2019-09-16 15:08:26.505842,10,1125744,09/10/2019 16:05:43,Status,155569,09/10/2019 16:05:43,2,Contact Attempt 1,,,,-100,velocify.system.user@securesend.org,"System, Velocify",,,,2019-09-16 15:08:26.505842,7
2019-09-16 15:08:26.505892,10,1125744,09/10/2019 16:05:43,CreationLog,160757,09/10/2019 16:05:40,-50,,,,,1,velocifysandbox@pro-pair.com,"Ewing, Ethan",20,Main,-1,2019-09-16 15:08:26.505892,
2019-09-16 15:08:26.505940,10,1125744,09/10/2019 16:05:43,Export,113452,09/10/2019 16:05:42,-50,Failure,,,"https://nijt588ad1.execute-api.us-west-1.amazonaws.com/Stage/leads:{
	""lead"": {
		""payload"": {
			""id"": ""1125744"",
		  ""actionCount"": ""0"",
		  ""campaign"": ""BestRateReferrals"",
		  ""campaignGroup"": ""PROPAIR 3rd Party"",
		  ""creditProfile"": ""708"",
		  ""dateAdded"": ""9/10/2019 4:05 PM"",
		  ""dayPhone"": ""(555) 836-6077"",
		  ""email"": ""ashleydonaldson@yahoo.com"",
		  ""eveningPhone"": ""(555) 435-1337"",
		  ""existingHomeValue"": ""1"",
		  ""firstName"": ""Cynthia"",
		  ""intendedPropertyUse"": ""OCCUPY"",
		  ""lastDuplicate"": """",
		  ""lastName"": ""Cooper"",
		  ""loanAmount"": ""663326.001"",
		  ""loanPurpose"": ""REFIRT"",
		  ""propertyAddress"": ""na"",
		  ""propertyState"": ""4401"",
		  ""propertyType"": ""TOWNHOUSE"",
		  ""propertyZipCode"": ""79158"",
		  ""purchasePrice"": ""73496.005"",
		  ""LeadProviderName"": ""HTTPSMYPROPAIR-BANK.COMFIXEDRATEMORTGAGE"",
		  ""IsMilitary"": ""No"",
		  ""CIS"": ""0.5"",
		  ""FICO"": ""475""
		}
	}
}",-100,,"System, Velocify",,,,2019-09-16 15:08:26.505940,6
2019-09-16 15:08:26.505993,10,1125744,09/10/2019 16:05:43,Email,432848,09/10/2019 16:05:42,119,Introduction Email: Generic,,,,-100,,"System, Email",,,,2019-09-16 15:08:26.505993,5
2019-09-16 15:08:26.506041,10,1125744,09/10/2019 16:05:43,Email,432847,09/10/2019 16:05:42,117,Newly Assigned Lead Notification,,,,1,velocifysandbox@pro-pair.com,"Ewing, Ethan",20,Main,,2019-09-16 15:08:26.506041,5
2019-09-16 15:08:26.506091,10,1125744,09/10/2019 16:05:43,Distribution,255783,09/10/2019 16:05:43,38,New Lead Distribution,,,,1,velocifysandbox@pro-pair.com,"Ewing, Ethan",20,Main,,2019-09-16 15:08:26.506091,4
2019-09-16 15:08:26.506140,10,1125745,09/11/2019 01:06:04,Status,155570,09/10/2019 16:07:42,2,Contact Attempt 1,,,,-100,velocify.system.user@securesend.org,"System, Velocify",,,,2019-09-16 15:08:26.506140,7
2019-09-16 15:08:26.506189,10,1125745,09/11/2019 01:06:04,CreationLog,160758,09/10/2019 16:07:40,-50,,,,,1,velocifysandbox@pro-pair.com,"Ewing, Ethan",20,Main,-1,2019-09-16 15:08:26.506189,
2019-09-16 15:08:26.506237,10,1125745,09/11/2019 01:06:04,Export,113453,09/10/2019 16:07:41,-50,Failure,,,"https://nijt588ad1.execute-api.us-west-1.amazonaws.com/Stage/leads:{
	""lead"": {
		""payload"": {
			""id"": ""1125745"",
		  ""actionCount"": ""0"",
		  ""campaign"": ""Wisdom"",
		  ""campaignGroup"": ""Perks"",
		  ""creditProfile"": ""812"",
		  ""dateAdded"": ""9/10/2019 4:07 PM"",
		  ""dayPhone"": ""(555) 421-7182"",
		  ""email"": ""scottcervantes@hotmail.com"",
		  ""eveningPhone"": ""(555) 861-0032"",
		  ""existingHomeValue"": ""1"",
		  ""firstName"": ""Carly"",
		  ""intendedPropertyUse"": ""OCCUPY"",
		  ""lastDuplicate"": """",
		  ""lastName"": ""Williams"",
		  ""loanAmount"": ""633711.00"",
		  ""loanPurpose"": ""TOWNHOME"",
		  ""propertyAddress"": ""na"",
		  ""propertyState"": ""NEWJERSEY"",
		  ""propertyType"": ""MHSELECT"",
		  ""propertyZipCode"": ""61437"",
		  ""purchasePrice"": ""896901.00"",
		  ""LeadProviderName"": ""TWILIO"",
		  ""IsMilitary"": ""Yes"",
		  ""CIS"": ""0.1"",
		  ""FICO"": ""406""
		}
	}
}",-100,,"System, Velocify",,,,2019-09-16 15:08:26.506237,6
2019-09-16 15:08:26.506284,10,1125745,09/11/2019 01:06:04,Email,432850,09/10/2019 16:07:42,119,Introduction Email: Generic,,,,-100,,"System, Email",,,,2019-09-16 15:08:26.506284,5
2019-09-16 15:08:26.506332,10,1125745,09/11/2019 01:06:04,Email,432849,09/10/2019 16:07:41,117,Newly Assigned Lead Notification,,,,1,velocifysandbox@pro-pair.com,"Ewing, Ethan",20,Main,,2019-09-16 15:08:26.506332,5
2019-09-16 15:08:26.506380,10,1125745,09/11/2019 01:06:04,Distribution,255784,09/10/2019 16:07:42,38,New Lead Distribution,,,,11402,test4@pro-pair.com,"GottaHaveThose, Recommendations",,,,2019-09-16 15:08:26.506380,4
2019-09-16 15:08:26.506428,10,1125746,09/10/2019 16:09:43,Status,155571,09/10/2019 16:09:43,2,Contact Attempt 1,,,,-100,velocify.system.user@securesend.org,"System, Velocify",,,,2019-09-16 15:08:26.506428,7
2019-09-16 15:08:26.506477,10,1125746,09/10/2019 16:09:43,CreationLog,160759,09/10/2019 16:09:40,-50,,,,,1,velocifysandbox@pro-pair.com,"Ewing, Ethan",20,Main,-1,2019-09-16 15:08:26.506477,
2019-09-16 15:08:26.506526,10,1125746,09/10/2019 16:09:43,Export,113454,09/10/2019 16:09:41,-50,Failure,,,"https://nijt588ad1.execute-api.us-west-1.amazonaws.com/Stage/leads:{
	""lead"": {
		""payload"": {
			""id"": ""1125746"",
		  ""actionCount"": ""0"",
		  ""campaign"": ""LendingTree"",
		  ""campaignGroup"": ""Self Generated"",
		  ""creditProfile"": ""574"",
		  ""dateAdded"": ""9/10/2019 4:09 PM"",
		  ""dayPhone"": ""(555) 909-9559"",
		  ""email"": ""nicholasroberts@yahoo.com"",
		  ""eveningPhone"": ""(555) 164-5792"",
		  ""existingHomeValue"": ""1"",
		  ""firstName"": ""Ashley"",
		  ""intendedPropertyUse"": ""REFINANCE"",
		  ""lastDuplicate"": """",
		  ""lastName"": ""Morgan"",
		  ""loanAmount"": ""975578.00"",
		  ""loanPurpose"": ""NOCASHOUTREFI"",
		  ""propertyAddress"": ""na"",
		  ""propertyState"": ""MICHIGAN"",
		  ""propertyType"": ""PRIMARYRESIDENCE"",
		  ""propertyZipCode"": ""67131"",
		  ""purchasePrice"": ""357458.00"",
		  ""LeadProviderName"": ""FREERATEUPDATE"",
		  ""IsMilitary"": ""No"",
		  ""CIS"": ""0.4"",
		  ""FICO"": ""633""
		}
	}
}",-100,,"System, Velocify",,,,2019-09-16 15:08:26.506526,6
2019-09-16 15:08:26.506574,10,1125746,09/10/2019 16:09:43,Email,432851,09/10/2019 16:09:42,117,Newly Assigned Lead Notification,,,,1,velocifysandbox@pro-pair.com,"Ewing, Ethan",20,Main,,2019-09-16 15:08:26.506574,5
2019-09-16 15:08:26.506622,10,1125746,09/10/2019 16:09:43,Email,432852,09/10/2019 16:09:41,119,Introduction Email: Generic,,,,-100,,"System, Email",,,,2019-09-16 15:08:26.506622,5
2019-09-16 15:08:26.506673,10,1125746,09/10/2019 16:09:43,Distribution,255785,09/10/2019 16:09:43,38,New Lead Distribution,,,,1,velocifysandbox@pro-pair.com,"Ewing, Ethan",20,Main,,2019-09-16 15:08:26.506673,4
2019-09-16 15:08:26.506723,10,1125747,09/10/2019 16:11:42,Status,155572,09/10/2019 16:11:42,2,Contact Attempt 1,,,,-100,velocify.system.user@securesend.org,"System, Velocify",,,,2019-09-16 15:08:26.506723,7
2019-09-16 15:08:26.506776,10,1125747,09/10/2019 16:11:42,CreationLog,160760,09/10/2019 16:11:39,-50,,,,,1,velocifysandbox@pro-pair.com,"Ewing, Ethan",20,Main,-1,2019-09-16 15:08:26.506776,
2019-09-16 15:08:26.506825,10,1125747,09/10/2019 16:11:42,Export,113455,09/10/2019 16:11:41,-50,Failure,,,"https://nijt588ad1.execute-api.us-west-1.amazonaws.com/Stage/leads:{
	""lead"": {
		""payload"": {
			""id"": ""1125747"",
		  ""actionCount"": ""0"",
		  ""campaign"": ""LowerMyBills"",
		  ""campaignGroup"": ""Sweeps 2019"",
		  ""creditProfile"": ""613"",
		  ""dateAdded"": ""9/10/2019 4:11 PM"",
		  ""dayPhone"": ""(555) 954-0968"",
		  ""email"": ""andrew69@glover.com"",
		  ""eveningPhone"": ""(555) 262-2736"",
		  ""existingHomeValue"": ""1"",
		  ""firstName"": ""Felicia"",
		  ""intendedPropertyUse"": ""OCCUPY"",
		  ""lastDuplicate"": """",
		  ""lastName"": ""Diaz"",
		  ""loanAmount"": ""938040.002"",
		  ""loanPurpose"": ""NOCASHOUTREFI"",
		  ""propertyAddress"": ""na"",
		  ""propertyState"": ""AR"",
		  ""propertyType"": ""CONDOMINIUM"",
		  ""propertyZipCode"": ""69503"",
		  ""purchasePrice"": ""659684.00"",
		  ""LeadProviderName"": ""ZETA"",
		  ""IsMilitary"": ""Yes"",
		  ""CIS"": ""0.0"",
		  ""FICO"": ""664""
		}
	}
}",-100,,"System, Velocify",,,,2019-09-16 15:08:26.506825,6
2019-09-16 15:08:26.506883,10,1125747,09/10/2019 16:11:42,Email,432854,09/10/2019 16:11:41,119,Introduction Email: Generic,,,,-100,,"System, Email",,,,2019-09-16 15:08:26.506883,5
2019-09-16 15:08:26.506931,10,1125747,09/10/2019 16:11:42,Email,432853,09/10/2019 16:11:41,117,Newly Assigned Lead Notification,,,,1,velocifysandbox@pro-pair.com,"Ewing, Ethan",20,Main,,2019-09-16 15:08:26.506931,5
2019-09-16 15:08:26.506979,10,1125747,09/10/2019 16:11:42,Distribution,255786,09/10/2019 16:11:42,38,New Lead Distribution,,,,11404,test2@propair.ai,"ProPair, Rocks",,,,2019-09-16 15:08:26.506979,4
2019-09-16 15:08:26.507029,10,1125748,09/10/2019 16:13:42,Status,155573,09/10/2019 16:13:42,2,Contact Attempt 1,,,,-100,velocify.system.user@securesend.org,"System, Velocify",,,,2019-09-16 15:08:26.507029,7
2019-09-16 15:08:26.507078,10,1125748,09/10/2019 16:13:42,CreationLog,160761,09/10/2019 16:13:40,-50,,,,,1,velocifysandbox@pro-pair.com,"Ewing, Ethan",20,Main,-1,2019-09-16 15:08:26.507078,
2019-09-16 15:08:26.507126,10,1125748,09/10/2019 16:13:42,Export,113456,09/10/2019 16:13:41,-50,Failure,,,"https://nijt588ad1.execute-api.us-west-1.amazonaws.com/Stage/leads:{
	""lead"": {
		""payload"": {
			""id"": ""1125748"",
		  ""actionCount"": ""0"",
		  ""campaign"": ""LendGo"",
		  ""campaignGroup"": ""Retired"",
		  ""creditProfile"": ""673"",
		  ""dateAdded"": ""9/10/2019 4:13 PM"",
		  ""dayPhone"": ""(555) 801-7214"",
		  ""email"": ""jenniferfernandez@brennan-faulkner.org"",
		  ""eveningPhone"": ""(555) 948-5861"",
		  ""existingHomeValue"": ""1"",
		  ""firstName"": ""Ariana"",
		  ""intendedPropertyUse"": ""REFINANCE"",
		  ""lastDuplicate"": """",
		  ""lastName"": ""Jackson"",
		  ""loanAmount"": ""572910.003"",
		  ""loanPurpose"": ""REFINANCEMYMORTGAGE"",
		  ""propertyAddress"": ""na"",
		  ""propertyState"": ""FLFLORIDA"",
		  ""propertyType"": ""COOP"",
		  ""propertyZipCode"": ""82508"",
		  ""purchasePrice"": ""80831.001"",
		  ""LeadProviderName"": ""MISSING"",
		  ""IsMilitary"": ""Yes"",
		  ""CIS"": ""0.0"",
		  ""FICO"": ""750""
		}
	}
}",-100,,"System, Velocify",,,,2019-09-16 15:08:26.507126,6
2019-09-16 15:08:26.507174,10,1125748,09/10/2019 16:13:42,Email,432855,09/10/2019 16:13:41,117,Newly Assigned Lead Notification,,,,1,velocifysandbox@pro-pair.com,"Ewing, Ethan",20,Main,,2019-09-16 15:08:26.507174,5
2019-09-16 15:08:26.507222,10,1125748,09/10/2019 16:13:42,Email,432856,09/10/2019 16:13:41,119,Introduction Email: Generic,,,,-100,,"System, Email",,,,2019-09-16 15:08:26.507222,5
2019-09-16 15:08:26.507269,10,1125748,09/10/2019 16:13:42,Distribution,255787,09/10/2019 16:13:42,38,New Lead Distribution,,,,11402,test4@pro-pair.com,"GottaHaveThose, Recommendations",,,,2019-09-16 15:08:26.507269,4
2019-09-16 15:08:26.507318,10,1125749,09/10/2019 16:15:43,Status,155574,09/10/2019 16:15:43,2,Contact Attempt 1,,,,-100,velocify.system.user@securesend.org,"System, Velocify",,,,2019-09-16 15:08:26.507318,7
2019-09-16 15:08:26.507370,10,1125749,09/10/2019 16:15:43,CreationLog,160762,09/10/2019 16:15:40,-50,,,,,1,velocifysandbox@pro-pair.com,"Ewing, Ethan",20,Main,-1,2019-09-16 15:08:26.507370,
2019-09-16 15:08:26.507418,10,1125749,09/10/2019 16:15:43,Export,113457,09/10/2019 16:15:41,-50,Failure,,,"https://nijt588ad1.execute-api.us-west-1.amazonaws.com/Stage/leads:{
	""lead"": {
		""payload"": {
			""id"": ""1125749"",
		  ""actionCount"": ""0"",
		  ""campaign"": ""Self Generated"",
		  ""campaignGroup"": ""Use Branch Specific"",
		  ""creditProfile"": ""620679"",
		  ""dateAdded"": ""9/10/2019 4:15 PM"",
		  ""dayPhone"": ""(555) 689-8570"",
		  ""email"": ""lsolomon@gmail.com"",
		  ""eveningPhone"": ""(555) 755-0568"",
		  ""existingHomeValue"": ""1"",
		  ""firstName"": ""George"",
		  ""intendedPropertyUse"": ""PRIMARY"",
		  ""lastDuplicate"": """",
		  ""lastName"": ""Rogers"",
		  ""loanAmount"": ""962319.00"",
		  ""loanPurpose"": ""FARMERSHOMEADMINISTRATION"",
		  ""propertyAddress"": ""na"",
		  ""propertyState"": ""VT"",
		  ""propertyType"": ""CONDOMINIUM"",
		  ""propertyZipCode"": ""81198"",
		  ""purchasePrice"": ""945000.00"",
		  ""LeadProviderName"": ""BILLS.COM"",
		  ""IsMilitary"": ""No"",
		  ""CIS"": ""0.6"",
		  ""FICO"": ""763""
		}
	}
}",-100,,"System, Velocify",,,,2019-09-16 15:08:26.507418,6
2019-09-16 15:08:26.507466,10,1125749,09/10/2019 16:15:43,Email,432857,09/10/2019 16:15:41,117,Newly Assigned Lead Notification,,,,1,velocifysandbox@pro-pair.com,"Ewing, Ethan",20,Main,,2019-09-16 15:08:26.507466,5
2019-09-16 15:08:26.507514,10,1125749,09/10/2019 16:15:43,Email,432858,09/10/2019 16:15:41,119,Introduction Email: Generic,,,,-100,,"System, Email",,,,2019-09-16 15:08:26.507514,5
2019-09-16 15:08:26.507562,10,1125749,09/10/2019 16:15:43,Distribution,255788,09/10/2019 16:15:43,38,New Lead Distribution,,,,1,velocifysandbox@pro-pair.com,"Ewing, Ethan",20,Main,,2019-09-16 15:08:26.507562,4
2019-09-16 15:08:26.507622,10,1125750,09/10/2019 16:17:43,Status,155575,09/10/2019 16:17:43,2,Contact Attempt 1,,,,-100,velocify.system.user@securesend.org,"System, Velocify",,,,2019-09-16 15:08:26.507622,7
2019-09-16 15:08:26.507677,10,1125750,09/10/2019 16:17:43,CreationLog,160763,09/10/2019 16:17:40,-50,,,,,1,velocifysandbox@pro-pair.com,"Ewing, Ethan",20,Main,-1,2019-09-16 15:08:26.507677,
2019-09-16 15:08:26.507729,10,1125750,09/10/2019 16:17:43,Export,113458,09/10/2019 16:17:42,-50,Failure,,,"https://nijt588ad1.execute-api.us-west-1.amazonaws.com/Stage/leads:{
	""lead"": {
		""payload"": {
			""id"": ""1125750"",
		  ""actionCount"": ""0"",
		  ""campaign"": ""Freerateupdate"",
		  ""campaignGroup"": ""My PROPAIR Organic"",
		  ""creditProfile"": ""EXCELLENT740ANDABOVE"",
		  ""dateAdded"": ""9/10/2019 4:17 PM"",
		  ""dayPhone"": ""(555) 103-4730"",
		  ""email"": ""jason89@james-rivera.info"",
		  ""eveningPhone"": ""(555) 390-7621"",
		  ""existingHomeValue"": ""1"",
		  ""firstName"": ""Courtney"",
		  ""intendedPropertyUse"": ""REFINANCE"",
		  ""lastDuplicate"": """",
		  ""lastName"": ""Thompson"",
		  ""loanAmount"": ""81683.00"",
		  ""loanPurpose"": ""VASTREAMLINE"",
		  ""propertyAddress"": ""na"",
		  ""propertyState"": ""AZ"",
		  ""propertyType"": ""MULTIFAMILYDWELLINGUNIT"",
		  ""propertyZipCode"": ""48748"",
		  ""purchasePrice"": ""240946.00"",
		  ""LeadProviderName"": ""MISSING"",
		  ""IsMilitary"": ""Yes"",
		  ""CIS"": ""0.6"",
		  ""FICO"": ""839""
		}
	}
}",-100,,"System, Velocify",,,,2019-09-16 15:08:26.507729,6
2019-09-16 15:08:26.507781,10,1125750,09/10/2019 16:17:43,Email,432859,09/10/2019 16:17:42,117,Newly Assigned Lead Notification,,,,1,velocifysandbox@pro-pair.com,"Ewing, Ethan",20,Main,,2019-09-16 15:08:26.507781,5
2019-09-16 15:08:26.507832,10,1125750,09/10/2019 16:17:43,Email,432860,09/10/2019 16:17:42,119,Introduction Email: Generic,,,,-100,,"System, Email",,,,2019-09-16 15:08:26.507832,5
2019-09-16 15:08:26.507883,10,1125750,09/10/2019 16:17:43,Distribution,255789,09/10/2019 16:17:43,38,New Lead Distribution,,,,1,velocifysandbox@pro-pair.com,"Ewing, Ethan",20,Main,,2019-09-16 15:08:26.507883,4
2019-09-16 15:08:26.507937,10,1125751,09/10/2019 16:19:42,Status,155576,09/10/2019 16:19:42,2,Contact Attempt 1,,,,-100,velocify.system.user@securesend.org,"System, Velocify",,,,2019-09-16 15:08:26.507937,7
2019-09-16 15:08:26.507989,10,1125751,09/10/2019 16:19:42,CreationLog,160764,09/10/2019 16:19:40,-50,,,,,1,velocifysandbox@pro-pair.com,"Ewing, Ethan",20,Main,-1,2019-09-16 15:08:26.507989,
2019-09-16 15:08:26.508042,10,1125751,09/10/2019 16:19:42,Export,113459,09/10/2019 16:19:41,-50,Failure,,,"https://nijt588ad1.execute-api.us-west-1.amazonaws.com/Stage/leads:{
	""lead"": {
		""payload"": {
			""id"": ""1125751"",
		  ""actionCount"": ""0"",
		  ""campaign"": ""Freerateupdate"",
		  ""campaignGroup"": ""My PROPAIR Organic"",
		  ""creditProfile"": ""GOOD"",
		  ""dateAdded"": ""9/10/2019 4:19 PM"",
		  ""dayPhone"": ""(555) 083-1334"",
		  ""email"": ""jschaefer@hotmail.com"",
		  ""eveningPhone"": ""(555) 116-8974"",
		  ""existingHomeValue"": ""1"",
		  ""firstName"": ""Ashley"",
		  ""intendedPropertyUse"": ""OCCUPY"",
		  ""lastDuplicate"": """",
		  ""lastName"": ""Perez"",
		  ""loanAmount"": ""25908.00"",
		  ""loanPurpose"": ""REFINANCECO"",
		  ""propertyAddress"": ""na"",
		  ""propertyState"": ""CALIFORNIA"",
		  ""propertyType"": ""SINGLEFAMILY"",
		  ""propertyZipCode"": ""46451"",
		  ""purchasePrice"": ""76966.00"",
		  ""LeadProviderName"": ""LEADPOINT"",
		  ""IsMilitary"": ""Yes"",
		  ""CIS"": ""0.0"",
		  ""FICO"": ""324""
		}
	}
}",-100,,"System, Velocify",,,,2019-09-16 15:08:26.508042,6
2019-09-16 15:08:26.508097,10,1125751,09/10/2019 16:19:42,Email,432861,09/10/2019 16:19:41,117,Newly Assigned Lead Notification,,,,1,velocifysandbox@pro-pair.com,"Ewing, Ethan",20,Main,,2019-09-16 15:08:26.508097,5
2019-09-16 15:08:26.508150,10,1125751,09/10/2019 16:19:42,Email,432862,09/10/2019 16:19:41,119,Introduction Email: Generic,,,,-100,,"System, Email",,,,2019-09-16 15:08:26.508150,5
2019-09-16 15:08:26.508202,10,1125751,09/10/2019 16:19:42,Distribution,255790,09/10/2019 16:19:42,38,New Lead Distribution,,,,11402,test4@pro-pair.com,"GottaHaveThose, Recommendations",,,,2019-09-16 15:08:26.508202,4
2019-09-16 15:08:26.508255,10,1125752,09/11/2019 01:06:04,Status,155577,09/10/2019 16:21:42,2,Contact Attempt 1,,,,-100,velocify.system.user@securesend.org,"System, Velocify",,,,2019-09-16 15:08:26.508255,7
2019-09-16 15:08:26.508308,10,1125752,09/11/2019 01:06:04,CreationLog,160765,09/10/2019 16:21:40,-50,,,,,1,velocifysandbox@pro-pair.com,"Ewing, Ethan",20,Main,-1,2019-09-16 15:08:26.508308,
2019-09-16 15:08:26.508359,10,1125752,09/11/2019 01:06:04,Export,113460,09/10/2019 16:21:41,-50,Failure,,,"https://nijt588ad1.execute-api.us-west-1.amazonaws.com/Stage/leads:{
	""lead"": {
		""payload"": {
			""id"": ""1125752"",
		  ""actionCount"": ""0"",
		  ""campaign"": ""Wisdom"",
		  ""campaignGroup"": ""Perks"",
		  ""creditProfile"": ""556"",
		  ""dateAdded"": ""9/10/2019 4:21 PM"",
		  ""dayPhone"": ""(555) 085-8760"",
		  ""email"": ""michaelhensley@palmer.com"",
		  ""eveningPhone"": ""(555) 746-2007"",
		  ""existingHomeValue"": ""1"",
		  ""firstName"": ""Brandon"",
		  ""intendedPropertyUse"": ""PRIMARYHOME"",
		  ""lastDuplicate"": """",
		  ""lastName"": ""Hill"",
		  ""loanAmount"": ""222084.0025"",
		  ""loanPurpose"": ""3"",
		  ""propertyAddress"": ""na"",
		  ""propertyState"": ""SCSOUTHCAROLINA"",
		  ""propertyType"": ""5"",
		  ""propertyZipCode"": ""69588"",
		  ""purchasePrice"": ""746191.003"",
		  ""LeadProviderName"": ""TIM"",
		  ""IsMilitary"": ""Yes"",
		  ""CIS"": ""0.4"",
		  ""FICO"": ""457""
		}
	}
}",-100,,"System, Velocify",,,,2019-09-16 15:08:26.508359,6
2019-09-16 15:08:26.508414,10,1125752,09/11/2019 01:06:04,Email,432863,09/10/2019 16:21:42,117,Newly Assigned Lead Notification,,,,1,velocifysandbox@pro-pair.com,"Ewing, Ethan",20,Main,,2019-09-16 15:08:26.508414,5
2019-09-16 15:08:26.508466,10,1125752,09/11/2019 01:06:04,Email,432864,09/10/2019 16:21:42,119,Introduction Email: Generic,,,,-100,,"System, Email",,,,2019-09-16 15:08:26.508466,5
2019-09-16 15:08:26.508517,10,1125752,09/11/2019 01:06:04,Distribution,255791,09/10/2019 16:21:42,38,New Lead Distribution,,,,1,velocifysandbox@pro-pair.com,"Ewing, Ethan",20,Main,,2019-09-16 15:08:26.508517,4
2019-09-16 15:08:26.508570,10,1125753,09/11/2019 01:06:05,Status,155578,09/10/2019 16:23:41,2,Contact Attempt 1,,,,-100,velocify.system.user@securesend.org,"System, Velocify",,,,2019-09-16 15:08:26.508570,7
2019-09-16 15:08:26.508623,10,1125753,09/11/2019 01:06:05,CreationLog,160766,09/10/2019 16:23:40,-50,,,,,1,velocifysandbox@pro-pair.com,"Ewing, Ethan",20,Main,-1,2019-09-16 15:08:26.508623,
2019-09-16 15:08:26.508674,10,1125753,09/11/2019 01:06:05,Export,113461,09/10/2019 16:23:41,-50,Failure,,,"https://nijt588ad1.execute-api.us-west-1.amazonaws.com/Stage/leads:{
	""lead"": {
		""payload"": {
			""id"": ""1125753"",
		  ""actionCount"": ""0"",
		  ""campaign"": ""Self Generated"",
		  ""campaignGroup"": ""Use Branch Specific"",
		  ""creditProfile"": ""VERYGOOD"",
		  ""dateAdded"": ""9/10/2019 4:23 PM"",
		  ""dayPhone"": ""(555) 981-0974"",
		  ""email"": ""belinda07@yahoo.com"",
		  ""eveningPhone"": ""(555) 102-3565"",
		  ""existingHomeValue"": ""1"",
		  ""firstName"": ""Jose"",
		  ""intendedPropertyUse"": ""PRIMARYRESIDENCE"",
		  ""lastDuplicate"": """",
		  ""lastName"": ""Silva"",
		  ""loanAmount"": ""42410.00"",
		  ""loanPurpose"": ""GCH"",
		  ""propertyAddress"": ""na"",
		  ""propertyState"": ""MDMARYLAND"",
		  ""propertyType"": ""INVESTMENTPROPERTY"",
		  ""propertyZipCode"": ""67200"",
		  ""purchasePrice"": ""761244.001"",
		  ""LeadProviderName"": ""HAWKEYEMARKETING"",
		  ""IsMilitary"": ""No"",
		  ""CIS"": ""0.3"",
		  ""FICO"": ""501""
		}
	}
}",-100,,"System, Velocify",,,,2019-09-16 15:08:26.508674,6
2019-09-16 15:08:26.508725,10,1125753,09/11/2019 01:06:05,Email,432865,09/10/2019 16:23:41,117,Newly Assigned Lead Notification,,,,1,velocifysandbox@pro-pair.com,"Ewing, Ethan",20,Main,,2019-09-16 15:08:26.508725,5
2019-09-16 15:08:26.508777,10,1125753,09/11/2019 01:06:05,Email,432866,09/10/2019 16:23:41,119,Introduction Email: Generic,,,,-100,,"System, Email",,,,2019-09-16 15:08:26.508777,5
2019-09-16 15:08:26.508831,10,1125753,09/11/2019 01:06:05,Distribution,255792,09/10/2019 16:23:41,38,New Lead Distribution,,,,11403,test3@propair.ai,"Johnson, Devon",,,,2019-09-16 15:08:26.508831,4
2019-09-16 15:08:26.508885,10,1125754,09/11/2019 01:06:05,Status,155579,09/10/2019 16:25:42,2,Contact Attempt 1,,,,-100,velocify.system.user@securesend.org,"System, Velocify",,,,2019-09-16 15:08:26.508885,7
2019-09-16 15:08:26.508956,10,1125754,09/11/2019 01:06:05,CreationLog,160767,09/10/2019 16:25:39,-50,,,,,1,velocifysandbox@pro-pair.com,"Ewing, Ethan",20,Main,-1,2019-09-16 15:08:26.508956,
2019-09-16 15:08:26.509007,10,1125754,09/11/2019 01:06:05,Export,113462,09/10/2019 16:25:41,-50,Failure,,,"https://nijt588ad1.execute-api.us-west-1.amazonaws.com/Stage/leads:{
	""lead"": {
		""payload"": {
			""id"": ""1125754"",
		  ""actionCount"": ""0"",
		  ""campaign"": ""LendGo"",
		  ""campaignGroup"": ""Retired"",
		  ""creditProfile"": ""EXCELLENT"",
		  ""dateAdded"": ""9/10/2019 4:25 PM"",
		  ""dayPhone"": ""(555) 887-6032"",
		  ""email"": ""bhuffman@jones-davis.com"",
		  ""eveningPhone"": ""(555) 396-1771"",
		  ""existingHomeValue"": ""1"",
		  ""firstName"": ""Larry"",
		  ""intendedPropertyUse"": ""INVESTMENTPROPERTY"",
		  ""lastDuplicate"": """",
		  ""lastName"": ""Long"",
		  ""loanAmount"": ""558978.00"",
		  ""loanPurpose"": ""VA"",
		  ""propertyAddress"": ""na"",
		  ""propertyState"": ""SOUTHCAROLINA"",
		  ""propertyType"": ""MHSELECT"",
		  ""propertyZipCode"": ""41298"",
		  ""purchasePrice"": ""201786.001"",
		  ""LeadProviderName"": ""HOMEACCOUNT"",
		  ""IsMilitary"": ""Yes"",
		  ""CIS"": ""0.7"",
		  ""FICO"": ""792""
		}
	}
}",-100,,"System, Velocify",,,,2019-09-16 15:08:26.509007,6
2019-09-16 15:08:26.509055,10,1125754,09/11/2019 01:06:05,Email,432868,09/10/2019 16:25:41,119,Introduction Email: Generic,,,,-100,,"System, Email",,,,2019-09-16 15:08:26.509055,5
2019-09-16 15:08:26.509103,10,1125754,09/11/2019 01:06:05,Email,432867,09/10/2019 16:25:41,117,Newly Assigned Lead Notification,,,,1,velocifysandbox@pro-pair.com,"Ewing, Ethan",20,Main,,2019-09-16 15:08:26.509103,5
2019-09-16 15:08:26.509151,10,1125754,09/11/2019 01:06:05,Distribution,255793,09/10/2019 16:25:42,38,New Lead Distribution,,,,11402,test4@pro-pair.com,"GottaHaveThose, Recommendations",,,,2019-09-16 15:08:26.509151,4
2019-09-16 15:08:26.509200,10,1125755,09/11/2019 01:06:06,Status,155580,09/10/2019 16:27:42,2,Contact Attempt 1,,,,-100,velocify.system.user@securesend.org,"System, Velocify",,,,2019-09-16 15:08:26.509200,7
2019-09-16 15:08:26.509257,10,1125755,09/11/2019 01:06:06,CreationLog,160768,09/10/2019 16:27:39,-50,,,,,1,velocifysandbox@pro-pair.com,"Ewing, Ethan",20,Main,-1,2019-09-16 15:08:26.509257,
2019-09-16 15:08:26.509319,10,1125755,09/11/2019 01:06:06,Export,113463,09/10/2019 16:27:41,-50,Failure,,,"https://nijt588ad1.execute-api.us-west-1.amazonaws.com/Stage/leads:{
	""lead"": {
		""payload"": {
			""id"": ""1125755"",
		  ""actionCount"": ""0"",
		  ""campaign"": ""Zeta"",
		  ""campaignGroup"": ""Banker RPG"",
		  ""creditProfile"": ""640679"",
		  ""dateAdded"": ""9/10/2019 4:27 PM"",
		  ""dayPhone"": ""(555) 347-2138"",
		  ""email"": ""roliver@gmail.com"",
		  ""eveningPhone"": ""(555) 935-1746"",
		  ""existingHomeValue"": ""1"",
		  ""firstName"": ""Peter"",
		  ""intendedPropertyUse"": ""OCCUPY"",
		  ""lastDuplicate"": """",
		  ""lastName"": ""Joseph"",
		  ""loanAmount"": ""599650.00"",
		  ""loanPurpose"": ""8"",
		  ""propertyAddress"": ""na"",
		  ""propertyState"": ""NH"",
		  ""propertyType"": ""MULTIFAM"",
		  ""propertyZipCode"": ""37937"",
		  ""purchasePrice"": ""241647.00"",
		  ""LeadProviderName"": ""REHASH"",
		  ""IsMilitary"": ""Yes"",
		  ""CIS"": ""0.8"",
		  ""FICO"": ""813""
		}
	}
}",-100,,"System, Velocify",,,,2019-09-16 15:08:26.509319,6
2019-09-16 15:08:26.509368,10,1125755,09/11/2019 01:06:06,Email,432870,09/10/2019 16:27:41,119,Introduction Email: Generic,,,,-100,,"System, Email",,,,2019-09-16 15:08:26.509368,5
2019-09-16 15:08:26.509416,10,1125755,09/11/2019 01:06:06,Email,432869,09/10/2019 16:27:41,117,Newly Assigned Lead Notification,,,,1,velocifysandbox@pro-pair.com,"Ewing, Ethan",20,Main,,2019-09-16 15:08:26.509416,5
2019-09-16 15:08:26.509464,10,1125755,09/11/2019 01:06:06,Distribution,255794,09/10/2019 16:27:42,38,New Lead Distribution,,,,1,velocifysandbox@pro-pair.com,"Ewing, Ethan",20,Main,,2019-09-16 15:08:26.509464,4
2019-09-16 15:08:26.509514,10,1125756,09/10/2019 16:29:43,Status,155581,09/10/2019 16:29:43,2,Contact Attempt 1,,,,-100,velocify.system.user@securesend.org,"System, Velocify",,,,2019-09-16 15:08:26.509514,7
2019-09-16 15:08:26.509569,10,1125756,09/10/2019 16:29:43,CreationLog,160769,09/10/2019 16:29:40,-50,,,,,1,velocifysandbox@pro-pair.com,"Ewing, Ethan",20,Main,-1,2019-09-16 15:08:26.509569,
2019-09-16 15:08:26.509618,10,1125756,09/10/2019 16:29:43,Export,113464,09/10/2019 16:29:42,-50,Failure,,,"https://nijt588ad1.execute-api.us-west-1.amazonaws.com/Stage/leads:{
	""lead"": {
		""payload"": {
			""id"": ""1125756"",
		  ""actionCount"": ""0"",
		  ""campaign"": ""Lendilio"",
		  ""campaignGroup"": ""SE 3rd Party"",
		  ""creditProfile"": ""803"",
		  ""dateAdded"": ""9/10/2019 4:29 PM"",
		  ""dayPhone"": ""(555) 228-6375"",
		  ""email"": ""vbeck@hotmail.com"",
		  ""eveningPhone"": ""(555) 876-0419"",
		  ""existingHomeValue"": ""1"",
		  ""firstName"": ""Lindsey"",
		  ""intendedPropertyUse"": ""REFINANCE"",
		  ""lastDuplicate"": """",
		  ""lastName"": ""Cantu"",
		  ""loanAmount"": ""522349.001"",
		  ""loanPurpose"": ""HOMEREFINANCE"",
		  ""propertyAddress"": ""na"",
		  ""propertyState"": ""MI"",
		  ""propertyType"": ""DETACHED"",
		  ""propertyZipCode"": ""78843"",
		  ""purchasePrice"": ""692147.00"",
		  ""LeadProviderName"": ""MANDYBAYLESS"",
		  ""IsMilitary"": ""Yes"",
		  ""CIS"": ""0.3"",
		  ""FICO"": ""688""
		}
	}
}",-100,,"System, Velocify",,,,2019-09-16 15:08:26.509618,6
2019-09-16 15:08:26.509666,10,1125756,09/10/2019 16:29:43,Email,432872,09/10/2019 16:29:42,119,Introduction Email: Generic,,,,-100,,"System, Email",,,,2019-09-16 15:08:26.509666,5
2019-09-16 15:08:26.509714,10,1125756,09/10/2019 16:29:43,Email,432871,09/10/2019 16:29:42,117,Newly Assigned Lead Notification,,,,1,velocifysandbox@pro-pair.com,"Ewing, Ethan",20,Main,,2019-09-16 15:08:26.509714,5
2019-09-16 15:08:26.509784,10,1125756,09/10/2019 16:29:43,Distribution,255795,09/10/2019 16:29:43,38,New Lead Distribution,,,,1,velocifysandbox@pro-pair.com,"Ewing, Ethan",20,Main,,2019-09-16 15:08:26.509784,4
2019-09-16 15:08:26.509849,10,1125757,09/10/2019 16:31:43,Status,155582,09/10/2019 16:31:43,2,Contact Attempt 1,,,,-100,velocify.system.user@securesend.org,"System, Velocify",,,,2019-09-16 15:08:26.509849,7
2019-09-16 15:08:26.509899,10,1125757,09/10/2019 16:31:43,CreationLog,160770,09/10/2019 16:31:40,-50,,,,,1,velocifysandbox@pro-pair.com,"Ewing, Ethan",20,Main,-1,2019-09-16 15:08:26.509899,
2019-09-16 15:08:26.509947,10,1125757,09/10/2019 16:31:43,Export,113465,09/10/2019 16:31:42,-50,Failure,,,"https://nijt588ad1.execute-api.us-west-1.amazonaws.com/Stage/leads:{
	""lead"": {
		""payload"": {
			""id"": ""1125757"",
		  ""actionCount"": ""0"",
		  ""campaign"": ""Lendilio"",
		  ""campaignGroup"": ""SE 3rd Party"",
		  ""creditProfile"": ""GOOD"",
		  ""dateAdded"": ""9/10/2019 4:31 PM"",
		  ""dayPhone"": ""(555) 652-6523"",
		  ""email"": ""samanthaharris@hotmail.com"",
		  ""eveningPhone"": ""(555) 444-1835"",
		  ""existingHomeValue"": ""1"",
		  ""firstName"": ""Patricia"",
		  ""intendedPropertyUse"": ""SECONDARYVACTN"",
		  ""lastDuplicate"": """",
		  ""lastName"": ""Sanchez"",
		  ""loanAmount"": ""498423.00"",
		  ""loanPurpose"": ""FHA"",
		  ""propertyAddress"": ""na"",
		  ""propertyState"": ""ALABAMA"",
		  ""propertyType"": ""SINGLEFAM"",
		  ""propertyZipCode"": ""67374"",
		  ""purchasePrice"": ""793360.001"",
		  ""LeadProviderName"": ""BILLS.COM"",
		  ""IsMilitary"": ""Yes"",
		  ""CIS"": ""0.2"",
		  ""FICO"": ""644""
		}
	}
}",-100,,"System, Velocify",,,,2019-09-16 15:08:26.509947,6
2019-09-16 15:08:26.509995,10,1125757,09/10/2019 16:31:43,Email,432873,09/10/2019 16:31:42,117,Newly Assigned Lead Notification,,,,1,velocifysandbox@pro-pair.com,"Ewing, Ethan",20,Main,,2019-09-16 15:08:26.509995,5
2019-09-16 15:08:26.510049,10,1125757,09/10/2019 16:31:43,Email,432874,09/10/2019 16:31:42,119,Introduction Email: Generic,,,,-100,,"System, Email",,,,2019-09-16 15:08:26.510049,5
2019-09-16 15:08:26.510097,10,1125757,09/10/2019 16:31:43,Distribution,255796,09/10/2019 16:31:43,38,New Lead Distribution,,,,11402,test4@pro-pair.com,"GottaHaveThose, Recommendations",,,,2019-09-16 15:08:26.510097,4
2019-09-16 15:08:26.510150,10,1125758,09/10/2019 16:33:42,Status,155583,09/10/2019 16:33:42,2,Contact Attempt 1,,,,-100,velocify.system.user@securesend.org,"System, Velocify",,,,2019-09-16 15:08:26.510150,7
2019-09-16 15:08:26.510212,10,1125758,09/10/2019 16:33:42,CreationLog,160771,09/10/2019 16:33:40,-50,,,,,1,velocifysandbox@pro-pair.com,"Ewing, Ethan",20,Main,-1,2019-09-16 15:08:26.510212,
2019-09-16 15:08:26.510270,10,1125758,09/10/2019 16:33:42,Export,113466,09/10/2019 16:33:41,-50,Failure,,,"https://nijt588ad1.execute-api.us-west-1.amazonaws.com/Stage/leads:{
	""lead"": {
		""payload"": {
			""id"": ""1125758"",
		  ""actionCount"": ""0"",
		  ""campaign"": ""Zeta"",
		  ""campaignGroup"": ""Banker RPG"",
		  ""creditProfile"": ""AVERAGE"",
		  ""dateAdded"": ""9/10/2019 4:33 PM"",
		  ""dayPhone"": ""(555) 030-3706"",
		  ""email"": ""mooreandrea@gmail.com"",
		  ""eveningPhone"": ""(555) 766-6514"",
		  ""existingHomeValue"": ""1"",
		  ""firstName"": ""Mark"",
		  ""intendedPropertyUse"": ""18318ARBORCRESTDR"",
		  ""lastDuplicate"": """",
		  ""lastName"": ""Brown"",
		  ""loanAmount"": ""434524.00513"",
		  ""loanPurpose"": ""REFIRT"",
		  ""propertyAddress"": ""na"",
		  ""propertyState"": ""HI"",
		  ""propertyType"": ""CONDO"",
		  ""propertyZipCode"": ""42886"",
		  ""purchasePrice"": ""601604.00"",
		  ""LeadProviderName"": ""RONA"",
		  ""IsMilitary"": ""Yes"",
		  ""CIS"": ""0.7"",
		  ""FICO"": ""428""
		}
	}
}",-100,,"System, Velocify",,,,2019-09-16 15:08:26.510270,6
2019-09-16 15:08:26.510345,10,1125758,09/10/2019 16:33:42,Email,432875,09/10/2019 16:33:41,117,Newly Assigned Lead Notification,,,,1,velocifysandbox@pro-pair.com,"Ewing, Ethan",20,Main,,2019-09-16 15:08:26.510345,5
2019-09-16 15:08:26.510406,10,1125758,09/10/2019 16:33:42,Email,432876,09/10/2019 16:33:41,119,Introduction Email: Generic,,,,-100,,"System, Email",,,,2019-09-16 15:08:26.510406,5
2019-09-16 15:08:26.510462,10,1125758,09/10/2019 16:33:42,Distribution,255797,09/10/2019 16:33:42,38,New Lead Distribution,,,,1,velocifysandbox@pro-pair.com,"Ewing, Ethan",20,Main,,2019-09-16 15:08:26.510462,4
2019-09-16 15:08:26.510513,10,1125759,09/11/2019 01:06:06,Status,155584,09/10/2019 16:35:42,2,Contact Attempt 1,,,,-100,velocify.system.user@securesend.org,"System, Velocify",,,,2019-09-16 15:08:26.510513,7
2019-09-16 15:08:26.510578,10,1125759,09/11/2019 01:06:06,CreationLog,160772,09/10/2019 16:35:40,-50,,,,,1,velocifysandbox@pro-pair.com,"Ewing, Ethan",20,Main,-1,2019-09-16 15:08:26.510578,
2019-09-16 15:08:26.510646,10,1125759,09/11/2019 01:06:06,Export,113467,09/10/2019 16:35:42,-50,Failure,,,"https://nijt588ad1.execute-api.us-west-1.amazonaws.com/Stage/leads:{
	""lead"": {
		""payload"": {
			""id"": ""1125759"",
		  ""actionCount"": ""0"",
		  ""campaign"": ""Referral"",
		  ""campaignGroup"": ""Test Campaign"",
		  ""creditProfile"": ""494"",
		  ""dateAdded"": ""9/10/2019 4:35 PM"",
		  ""dayPhone"": ""(555) 429-7113"",
		  ""email"": ""clarkmichelle@wheeler.com"",
		  ""eveningPhone"": ""(555) 649-6958"",
		  ""existingHomeValue"": ""1"",
		  ""firstName"": ""Anthony"",
		  ""intendedPropertyUse"": ""SECONDARY"",
		  ""lastDuplicate"": """",
		  ""lastName"": ""Pope"",
		  ""loanAmount"": ""937777.002"",
		  ""loanPurpose"": ""TOWNHOME"",
		  ""propertyAddress"": ""na"",
		  ""propertyState"": ""NEVADA"",
		  ""propertyType"": ""COOP"",
		  ""propertyZipCode"": ""48073"",
		  ""purchasePrice"": ""373107.00"",
		  ""LeadProviderName"": ""ENCOMPASS"",
		  ""IsMilitary"": ""Yes"",
		  ""CIS"": ""0.6"",
		  ""FICO"": ""775""
		}
	}
}",-100,,"System, Velocify",,,,2019-09-16 15:08:26.510646,6
2019-09-16 15:08:26.510720,10,1125759,09/11/2019 01:06:06,Email,432877,09/10/2019 16:35:42,117,Newly Assigned Lead Notification,,,,1,velocifysandbox@pro-pair.com,"Ewing, Ethan",20,Main,,2019-09-16 15:08:26.510720,5
2019-09-16 15:08:26.510776,10,1125759,09/11/2019 01:06:06,Email,432878,09/10/2019 16:35:42,119,Introduction Email: Generic,,,,-100,,"System, Email",,,,2019-09-16 15:08:26.510776,5
2019-09-16 15:08:26.510831,10,1125759,09/11/2019 01:06:06,Distribution,255798,09/10/2019 16:35:42,38,New Lead Distribution,,,,1,velocifysandbox@pro-pair.com,"Ewing, Ethan",20,Main,,2019-09-16 15:08:26.510831,4
2019-09-16 15:08:26.510884,10,1125760,09/10/2019 16:37:41,Status,155585,09/10/2019 16:37:41,2,Contact Attempt 1,,,,-100,velocify.system.user@securesend.org,"System, Velocify",,,,2019-09-16 15:08:26.510884,7
2019-09-16 15:08:26.510937,10,1125760,09/10/2019 16:37:41,CreationLog,160773,09/10/2019 16:37:39,-50,,,,,1,velocifysandbox@pro-pair.com,"Ewing, Ethan",20,Main,-1,2019-09-16 15:08:26.510937,
2019-09-16 15:08:26.510989,10,1125760,09/10/2019 16:37:41,Export,113468,09/10/2019 16:37:41,-50,Failure,,,"https://nijt588ad1.execute-api.us-west-1.amazonaws.com/Stage/leads:{
	""lead"": {
		""payload"": {
			""id"": ""1125760"",
		  ""actionCount"": ""0"",
		  ""campaign"": ""Self Generated"",
		  ""campaignGroup"": ""Use Branch Specific"",
		  ""creditProfile"": ""682"",
		  ""dateAdded"": ""9/10/2019 4:37 PM"",
		  ""dayPhone"": ""(555) 860-8647"",
		  ""email"": ""cstout@herrera.com"",
		  ""eveningPhone"": ""(555) 412-5741"",
		  ""existingHomeValue"": ""1"",
		  ""firstName"": ""Patrick"",
		  ""intendedPropertyUse"": ""18318ARBORCRESTDR"",
		  ""lastDuplicate"": """",
		  ""lastName"": ""Powell"",
		  ""loanAmount"": ""108788.00"",
		  ""loanPurpose"": ""HOMEDEBTCONSOLIDATION"",
		  ""propertyAddress"": ""na"",
		  ""propertyState"": ""VERMONT"",
		  ""propertyType"": ""CONDOTOWNHOME"",
		  ""propertyZipCode"": ""75412"",
		  ""purchasePrice"": ""232518.00"",
		  ""LeadProviderName"": ""HTTPSMYPROPAIR-BANK.COMFHA"",
		  ""IsMilitary"": ""Yes"",
		  ""CIS"": ""0.3"",
		  ""FICO"": ""777""
		}
	}
}",-100,,"System, Velocify",,,,2019-09-16 15:08:26.510989,6
2019-09-16 15:08:26.511040,10,1125760,09/10/2019 16:37:41,Email,432880,09/10/2019 16:37:41,119,Introduction Email: Generic,,,,-100,,"System, Email",,,,2019-09-16 15:08:26.511040,5
2019-09-16 15:08:26.511092,10,1125760,09/10/2019 16:37:41,Email,432879,09/10/2019 16:37:41,117,Newly Assigned Lead Notification,,,,1,velocifysandbox@pro-pair.com,"Ewing, Ethan",20,Main,,2019-09-16 15:08:26.511092,5
2019-09-16 15:08:26.511151,10,1125760,09/10/2019 16:37:41,Distribution,255799,09/10/2019 16:37:41,38,New Lead Distribution,,,,11402,test4@pro-pair.com,"GottaHaveThose, Recommendations",,,,2019-09-16 15:08:26.511151,4
2019-09-16 15:08:26.511204,10,1125761,09/10/2019 16:39:41,Status,155586,09/10/2019 16:39:41,2,Contact Attempt 1,,,,-100,velocify.system.user@securesend.org,"System, Velocify",,,,2019-09-16 15:08:26.511204,7
2019-09-16 15:08:26.511256,10,1125761,09/10/2019 16:39:41,CreationLog,160774,09/10/2019 16:39:40,-50,,,,,1,velocifysandbox@pro-pair.com,"Ewing, Ethan",20,Main,-1,2019-09-16 15:08:26.511256,
2019-09-16 15:08:26.511307,10,1125761,09/10/2019 16:39:41,Export,113469,09/10/2019 16:39:41,-50,Failure,,,"https://nijt588ad1.execute-api.us-west-1.amazonaws.com/Stage/leads:{
	""lead"": {
		""payload"": {
			""id"": ""1125761"",
		  ""actionCount"": ""0"",
		  ""campaign"": ""Lendilio"",
		  ""campaignGroup"": ""SE 3rd Party"",
		  ""creditProfile"": ""482"",
		  ""dateAdded"": ""9/10/2019 4:39 PM"",
		  ""dayPhone"": ""(555) 397-0829"",
		  ""email"": ""samantha48@kramer.com"",
		  ""eveningPhone"": ""(555) 387-2192"",
		  ""existingHomeValue"": ""1"",
		  ""firstName"": ""Jennifer"",
		  ""intendedPropertyUse"": ""REFINANCE"",
		  ""lastDuplicate"": """",
		  ""lastName"": ""Wu"",
		  ""loanAmount"": ""762053.00"",
		  ""loanPurpose"": ""HARP"",
		  ""propertyAddress"": ""na"",
		  ""propertyState"": ""MILILANI"",
		  ""propertyType"": ""MULTIFAMILYHOME"",
		  ""propertyZipCode"": ""48747"",
		  ""purchasePrice"": ""579394.001"",
		  ""LeadProviderName"": ""TECHNIECODE"",
		  ""IsMilitary"": ""Yes"",
		  ""CIS"": ""0.5"",
		  ""FICO"": ""850""
		}
	}
}",-100,,"System, Velocify",,,,2019-09-16 15:08:26.511307,6
2019-09-16 15:08:26.511358,10,1125761,09/10/2019 16:39:41,Email,432882,09/10/2019 16:39:41,119,Introduction Email: Generic,,,,-100,,"System, Email",,,,2019-09-16 15:08:26.511358,5
2019-09-16 15:08:26.511410,10,1125761,09/10/2019 16:39:41,Email,432881,09/10/2019 16:39:41,117,Newly Assigned Lead Notification,,,,1,velocifysandbox@pro-pair.com,"Ewing, Ethan",20,Main,,2019-09-16 15:08:26.511410,5
2019-09-16 15:08:26.511462,10,1125761,09/10/2019 16:39:41,Distribution,255800,09/10/2019 16:39:41,38,New Lead Distribution,,,,1,velocifysandbox@pro-pair.com,"Ewing, Ethan",20,Main,,2019-09-16 15:08:26.511462,4
2019-09-16 15:08:26.511514,10,1125762,09/10/2019 16:41:42,Status,155587,09/10/2019 16:41:42,2,Contact Attempt 1,,,,-100,velocify.system.user@securesend.org,"System, Velocify",,,,2019-09-16 15:08:26.511514,7
2019-09-16 15:08:26.511567,10,1125762,09/10/2019 16:41:42,CreationLog,160775,09/10/2019 16:41:40,-50,,,,,1,velocifysandbox@pro-pair.com,"Ewing, Ethan",20,Main,-1,2019-09-16 15:08:26.511567,
2019-09-16 15:08:26.511618,10,1125762,09/10/2019 16:41:42,Export,113470,09/10/2019 16:41:41,-50,Failure,,,"https://nijt588ad1.execute-api.us-west-1.amazonaws.com/Stage/leads:{
	""lead"": {
		""payload"": {
			""id"": ""1125762"",
		  ""actionCount"": ""0"",
		  ""campaign"": ""LowerMyBills"",
		  ""campaignGroup"": ""Sweeps 2019"",
		  ""creditProfile"": ""798"",
		  ""dateAdded"": ""9/10/2019 4:41 PM"",
		  ""dayPhone"": ""(555) 238-2544"",
		  ""email"": ""andrew52@yahoo.com"",
		  ""eveningPhone"": ""(555) 170-9330"",
		  ""existingHomeValue"": ""1"",
		  ""firstName"": ""Natalie"",
		  ""intendedPropertyUse"": ""SECONDARY"",
		  ""lastDuplicate"": """",
		  ""lastName"": ""Dominguez"",
		  ""loanAmount"": ""640736.002"",
		  ""loanPurpose"": ""HOMEREFINANCE"",
		  ""propertyAddress"": ""na"",
		  ""propertyState"": ""OH"",
		  ""propertyType"": ""APO"",
		  ""propertyZipCode"": ""43935"",
		  ""purchasePrice"": ""227707.0023"",
		  ""LeadProviderName"": ""PROPAIR-BANKCUSTOM"",
		  ""IsMilitary"": ""Yes"",
		  ""CIS"": ""0.4"",
		  ""FICO"": ""629""
		}
	}
}",-100,,"System, Velocify",,,,2019-09-16 15:08:26.511618,6
2019-09-16 15:08:26.511670,10,1125762,09/10/2019 16:41:42,Email,432883,09/10/2019 16:41:41,117,Newly Assigned Lead Notification,,,,1,velocifysandbox@pro-pair.com,"Ewing, Ethan",20,Main,,2019-09-16 15:08:26.511670,5
2019-09-16 15:08:26.511722,10,1125762,09/10/2019 16:41:42,Email,432884,09/10/2019 16:41:41,119,Introduction Email: Generic,,,,-100,,"System, Email",,,,2019-09-16 15:08:26.511722,5
2019-09-16 15:08:26.511772,10,1125762,09/10/2019 16:41:42,Distribution,255801,09/10/2019 16:41:42,38,New Lead Distribution,,,,1,velocifysandbox@pro-pair.com,"Ewing, Ethan",20,Main,,2019-09-16 15:08:26.511772,4
2019-09-16 15:08:26.511830,10,1125763,09/11/2019 01:06:07,Status,155588,09/10/2019 16:43:43,2,Contact Attempt 1,,,,-100,velocify.system.user@securesend.org,"System, Velocify",,,,2019-09-16 15:08:26.511830,7
2019-09-16 15:08:26.511888,10,1125763,09/11/2019 01:06:07,CreationLog,160776,09/10/2019 16:43:40,-50,,,,,1,velocifysandbox@pro-pair.com,"Ewing, Ethan",20,Main,-1,2019-09-16 15:08:26.511888,
2019-09-16 15:08:26.511940,10,1125763,09/11/2019 01:06:07,Export,113471,09/10/2019 16:43:41,-50,Failure,,,"https://nijt588ad1.execute-api.us-west-1.amazonaws.com/Stage/leads:{
	""lead"": {
		""payload"": {
			""id"": ""1125763"",
		  ""actionCount"": ""0"",
		  ""campaign"": ""Wisdom"",
		  ""campaignGroup"": ""Perks"",
		  ""creditProfile"": ""673"",
		  ""dateAdded"": ""9/10/2019 4:43 PM"",
		  ""dayPhone"": ""(555) 677-9867"",
		  ""email"": ""lindsay25@patel-reynolds.com"",
		  ""eveningPhone"": ""(555) 521-8411"",
		  ""existingHomeValue"": ""1"",
		  ""firstName"": ""Veronica"",
		  ""intendedPropertyUse"": ""REFINANCE"",
		  ""lastDuplicate"": """",
		  ""lastName"": ""Lewis"",
		  ""loanAmount"": ""623665.00"",
		  ""loanPurpose"": ""2NDMORTGAGE"",
		  ""propertyAddress"": ""na"",
		  ""propertyState"": ""N.Y"",
		  ""propertyType"": ""SINGLEFAMILY"",
		  ""propertyZipCode"": ""67429"",
		  ""purchasePrice"": ""21481.005"",
		  ""LeadProviderName"": ""INTERNET"",
		  ""IsMilitary"": ""Yes"",
		  ""CIS"": ""0.9"",
		  ""FICO"": ""311""
		}
	}
}",-100,,"System, Velocify",,,,2019-09-16 15:08:26.511940,6
2019-09-16 15:08:26.511991,10,1125763,09/11/2019 01:06:07,Email,432885,09/10/2019 16:43:41,117,Newly Assigned Lead Notification,,,,1,velocifysandbox@pro-pair.com,"Ewing, Ethan",20,Main,,2019-09-16 15:08:26.511991,5
2019-09-16 15:08:26.512043,10,1125763,09/11/2019 01:06:07,Email,432886,09/10/2019 16:43:41,119,Introduction Email: Generic,,,,-100,,"System, Email",,,,2019-09-16 15:08:26.512043,5
2019-09-16 15:08:26.512094,10,1125763,09/11/2019 01:06:07,Distribution,255802,09/10/2019 16:43:43,38,New Lead Distribution,,,,11402,test4@pro-pair.com,"GottaHaveThose, Recommendations",,,,2019-09-16 15:08:26.512094,4
2019-09-16 15:08:26.512153,10,1125764,09/10/2019 16:45:41,Status,155589,09/10/2019 16:45:41,2,Contact Attempt 1,,,,-100,velocify.system.user@securesend.org,"System, Velocify",,,,2019-09-16 15:08:26.512153,7
2019-09-16 15:08:26.512212,10,1125764,09/10/2019 16:45:41,CreationLog,160777,09/10/2019 16:45:40,-50,,,,,1,velocifysandbox@pro-pair.com,"Ewing, Ethan",20,Main,-1,2019-09-16 15:08:26.512212,
2019-09-16 15:08:26.512268,10,1125764,09/10/2019 16:45:41,Export,113472,09/10/2019 16:45:41,-50,Failure,,,"https://nijt588ad1.execute-api.us-west-1.amazonaws.com/Stage/leads:{
	""lead"": {
		""payload"": {
			""id"": ""1125764"",
		  ""actionCount"": ""0"",
		  ""campaign"": ""Zeta"",
		  ""campaignGroup"": ""Banker RPG"",
		  ""creditProfile"": ""GOOD680719"",
		  ""dateAdded"": ""9/10/2019 4:45 PM"",
		  ""dayPhone"": ""(555) 789-0054"",
		  ""email"": ""johnsonlaura@hotmail.com"",
		  ""eveningPhone"": ""(555) 721-8229"",
		  ""existingHomeValue"": ""1"",
		  ""firstName"": ""Nathan"",
		  ""intendedPropertyUse"": ""18318ARBORCRESTDR"",
		  ""lastDuplicate"": """",
		  ""lastName"": ""Haley"",
		  ""loanAmount"": ""384603.001"",
		  ""loanPurpose"": ""REFIANCE"",
		  ""propertyAddress"": ""na"",
		  ""propertyState"": ""LA"",
		  ""propertyType"": ""MULTIFAM"",
		  ""propertyZipCode"": ""73344"",
		  ""purchasePrice"": ""639065.00"",
		  ""LeadProviderName"": ""SELFGENERATE"",
		  ""IsMilitary"": ""Yes"",
		  ""CIS"": ""0.3"",
		  ""FICO"": ""549""
		}
	}
}",-100,,"System, Velocify",,,,2019-09-16 15:08:26.512268,6
2019-09-16 15:08:26.512324,10,1125764,09/10/2019 16:45:41,Email,432887,09/10/2019 16:45:41,117,Newly Assigned Lead Notification,,,,1,velocifysandbox@pro-pair.com,"Ewing, Ethan",20,Main,,2019-09-16 15:08:26.512324,5
2019-09-16 15:08:26.512380,10,1125764,09/10/2019 16:45:41,Email,432888,09/10/2019 16:45:41,119,Introduction Email: Generic,,,,-100,,"System, Email",,,,2019-09-16 15:08:26.512380,5
2019-09-16 15:08:26.512434,10,1125764,09/10/2019 16:45:41,Distribution,255803,09/10/2019 16:45:41,38,New Lead Distribution,,,,1,velocifysandbox@pro-pair.com,"Ewing, Ethan",20,Main,,2019-09-16 15:08:26.512434,4
2019-09-16 15:08:26.512491,10,1125765,09/11/2019 01:06:07,Status,155590,09/10/2019 16:47:42,2,Contact Attempt 1,,,,-100,velocify.system.user@securesend.org,"System, Velocify",,,,2019-09-16 15:08:26.512491,7
2019-09-16 15:08:26.512550,10,1125765,09/11/2019 01:06:07,CreationLog,160778,09/10/2019 16:47:40,-50,,,,,1,velocifysandbox@pro-pair.com,"Ewing, Ethan",20,Main,-1,2019-09-16 15:08:26.512550,
2019-09-16 15:08:26.512606,10,1125765,09/11/2019 01:06:07,Export,113473,09/10/2019 16:47:41,-50,Failure,,,"https://nijt588ad1.execute-api.us-west-1.amazonaws.com/Stage/leads:{
	""lead"": {
		""payload"": {
			""id"": ""1125765"",
		  ""actionCount"": ""0"",
		  ""campaign"": ""LendGo"",
		  ""campaignGroup"": ""Retired"",
		  ""creditProfile"": ""VERYGOOD720739"",
		  ""dateAdded"": ""9/10/2019 4:47 PM"",
		  ""dayPhone"": ""(555) 486-3463"",
		  ""email"": ""vargasjerry@hotmail.com"",
		  ""eveningPhone"": ""(555) 953-2643"",
		  ""existingHomeValue"": ""1"",
		  ""firstName"": ""Jeffrey"",
		  ""intendedPropertyUse"": ""REFINANCE"",
		  ""lastDuplicate"": """",
		  ""lastName"": ""Parsons"",
		  ""loanAmount"": ""90984.00"",
		  ""loanPurpose"": ""TOWNHOME"",
		  ""propertyAddress"": ""na"",
		  ""propertyState"": ""DISTRICTOFCOLUM"",
		  ""propertyType"": ""TRAILER"",
		  ""propertyZipCode"": ""66330"",
		  ""purchasePrice"": ""204327.00"",
		  ""LeadProviderName"": ""LEADPOINT"",
		  ""IsMilitary"": ""Yes"",
		  ""CIS"": ""0.1"",
		  ""FICO"": ""536""
		}
	}
}",-100,,"System, Velocify",,,,2019-09-16 15:08:26.512606,6
2019-09-16 15:08:26.512671,10,1125765,09/11/2019 01:06:07,Email,432889,09/10/2019 16:47:41,117,Newly Assigned Lead Notification,,,,1,velocifysandbox@pro-pair.com,"Ewing, Ethan",20,Main,,2019-09-16 15:08:26.512671,5
2019-09-16 15:08:26.512727,10,1125765,09/11/2019 01:06:07,Email,432890,09/10/2019 16:47:41,119,Introduction Email: Generic,,,,-100,,"System, Email",,,,2019-09-16 15:08:26.512727,5
2019-09-16 15:08:26.512782,10,1125765,09/11/2019 01:06:07,Distribution,255804,09/10/2019 16:47:42,38,New Lead Distribution,,,,1,velocifysandbox@pro-pair.com,"Ewing, Ethan",20,Main,,2019-09-16 15:08:26.512782,4
2019-09-16 15:08:26.512839,10,1125766,09/10/2019 16:49:44,Status,155591,09/10/2019 16:49:44,2,Contact Attempt 1,,,,-100,velocify.system.user@securesend.org,"System, Velocify",,,,2019-09-16 15:08:26.512839,7
2019-09-16 15:08:26.512897,10,1125766,09/10/2019 16:49:44,CreationLog,160779,09/10/2019 16:49:40,-50,,,,,1,velocifysandbox@pro-pair.com,"Ewing, Ethan",20,Main,-1,2019-09-16 15:08:26.512897,
2019-09-16 15:08:26.512998,10,1125766,09/10/2019 16:49:44,Export,113474,09/10/2019 16:49:44,-50,Failure,,,"https://nijt588ad1.execute-api.us-west-1.amazonaws.com/Stage/leads:{
	""lead"": {
		""payload"": {
			""id"": ""1125766"",
		  ""actionCount"": ""0"",
		  ""campaign"": ""Zeta"",
		  ""campaignGroup"": ""Banker RPG"",
		  ""creditProfile"": ""FAIR"",
		  ""dateAdded"": ""9/10/2019 4:49 PM"",
		  ""dayPhone"": ""(555) 158-4039"",
		  ""email"": ""moralesarthur@carr.com"",
		  ""eveningPhone"": ""(555) 622-8479"",
		  ""existingHomeValue"": ""1"",
		  ""firstName"": ""Sophia"",
		  ""intendedPropertyUse"": ""SECONDARY"",
		  ""lastDuplicate"": """",
		  ""lastName"": ""Lam"",
		  ""loanAmount"": ""759997.00"",
		  ""loanPurpose"": ""HOME"",
		  ""propertyAddress"": ""na"",
		  ""propertyState"": ""MINNESOTA"",
		  ""propertyType"": ""HIGHRISECONDOMINIUM"",
		  ""propertyZipCode"": ""52456"",
		  ""purchasePrice"": ""602278.002"",
		  ""LeadProviderName"": ""HTTPSMYPROPAIR-BANK.COMADJUSTABLERATEMORTGAGE"",
		  ""IsMilitary"": ""No"",
		  ""CIS"": ""0.1"",
		  ""FICO"": ""650""
		}
	}
}",-100,,"System, Velocify",,,,2019-09-16 15:08:26.512998,6
2019-09-16 15:08:26.513053,10,1125766,09/10/2019 16:49:44,Email,432892,09/10/2019 16:49:44,119,Introduction Email: Generic,,,,-100,,"System, Email",,,,2019-09-16 15:08:26.513053,5
2019-09-16 15:08:26.513104,10,1125766,09/10/2019 16:49:44,Email,432891,09/10/2019 16:49:44,117,Newly Assigned Lead Notification,,,,1,velocifysandbox@pro-pair.com,"Ewing, Ethan",20,Main,,2019-09-16 15:08:26.513104,5
2019-09-16 15:08:26.513158,10,1125766,09/10/2019 16:49:44,Distribution,255805,09/10/2019 16:49:44,38,New Lead Distribution,,,,11402,test4@pro-pair.com,"GottaHaveThose, Recommendations",,,,2019-09-16 15:08:26.513158,4
2019-09-16 15:08:26.513211,10,1125767,09/10/2019 16:51:43,Status,155592,09/10/2019 16:51:43,2,Contact Attempt 1,,,,-100,velocify.system.user@securesend.org,"System, Velocify",,,,2019-09-16 15:08:26.513211,7
2019-09-16 15:08:26.513264,10,1125767,09/10/2019 16:51:43,CreationLog,160780,09/10/2019 16:51:40,-50,,,,,1,velocifysandbox@pro-pair.com,"Ewing, Ethan",20,Main,-1,2019-09-16 15:08:26.513264,
2019-09-16 15:08:26.513316,10,1125767,09/10/2019 16:51:43,Export,113475,09/10/2019 16:51:42,-50,Failure,,,"https://nijt588ad1.execute-api.us-west-1.amazonaws.com/Stage/leads:{
	""lead"": {
		""payload"": {
			""id"": ""1125767"",
		  ""actionCount"": ""0"",
		  ""campaign"": ""LowerMyBills"",
		  ""campaignGroup"": ""Sweeps 2019"",
		  ""creditProfile"": ""519"",
		  ""dateAdded"": ""9/10/2019 4:51 PM"",
		  ""dayPhone"": ""(555) 377-4934"",
		  ""email"": ""leeadrian@yahoo.com"",
		  ""eveningPhone"": ""(555) 593-4859"",
		  ""existingHomeValue"": ""1"",
		  ""firstName"": ""John"",
		  ""intendedPropertyUse"": ""OCCUPY"",
		  ""lastDuplicate"": """",
		  ""lastName"": ""Adams"",
		  ""loanAmount"": ""54985.002"",
		  ""loanPurpose"": ""LOWERMYMONTHLYPAYMENT"",
		  ""propertyAddress"": ""na"",
		  ""propertyState"": ""WA"",
		  ""propertyType"": ""MIXEDUSE3UNIT"",
		  ""propertyZipCode"": ""82185"",
		  ""purchasePrice"": ""805705.0031"",
		  ""LeadProviderName"": ""ZAC3MEDIA"",
		  ""IsMilitary"": ""Yes"",
		  ""CIS"": ""1.0"",
		  ""FICO"": ""799""
		}
	}
}",-100,,"System, Velocify",,,,2019-09-16 15:08:26.513316,6
2019-09-16 15:08:26.513367,10,1125767,09/10/2019 16:51:43,Email,432894,09/10/2019 16:51:42,119,Introduction Email: Generic,,,,-100,,"System, Email",,,,2019-09-16 15:08:26.513367,5
2019-09-16 15:08:26.513418,10,1125767,09/10/2019 16:51:43,Email,432893,09/10/2019 16:51:42,117,Newly Assigned Lead Notification,,,,1,velocifysandbox@pro-pair.com,"Ewing, Ethan",20,Main,,2019-09-16 15:08:26.513418,5
2019-09-16 15:08:26.513474,10,1125767,09/10/2019 16:51:43,Distribution,255806,09/10/2019 16:51:43,38,New Lead Distribution,,,,1,velocifysandbox@pro-pair.com,"Ewing, Ethan",20,Main,,2019-09-16 15:08:26.513474,4
2019-09-16 15:08:26.513527,10,1125768,09/10/2019 16:53:42,Status,155593,09/10/2019 16:53:42,2,Contact Attempt 1,,,,-100,velocify.system.user@securesend.org,"System, Velocify",,,,2019-09-16 15:08:26.513527,7
2019-09-16 15:08:26.513583,10,1125768,09/10/2019 16:53:42,CreationLog,160781,09/10/2019 16:53:40,-50,,,,,1,velocifysandbox@pro-pair.com,"Ewing, Ethan",20,Main,-1,2019-09-16 15:08:26.513583,
2019-09-16 15:08:26.513637,10,1125768,09/10/2019 16:53:42,Export,113476,09/10/2019 16:53:41,-50,Failure,,,"https://nijt588ad1.execute-api.us-west-1.amazonaws.com/Stage/leads:{
	""lead"": {
		""payload"": {
			""id"": ""1125768"",
		  ""actionCount"": ""0"",
		  ""campaign"": ""LowerMyBills"",
		  ""campaignGroup"": ""Sweeps 2019"",
		  ""creditProfile"": ""EXCELLENT"",
		  ""dateAdded"": ""9/10/2019 4:53 PM"",
		  ""dayPhone"": ""(555) 698-7195"",
		  ""email"": ""maria94@hotmail.com"",
		  ""eveningPhone"": ""(555) 959-2008"",
		  ""existingHomeValue"": ""1"",
		  ""firstName"": ""Robert"",
		  ""intendedPropertyUse"": ""18318ARBORCRESTDR"",
		  ""lastDuplicate"": """",
		  ""lastName"": ""Thomas"",
		  ""loanAmount"": ""725159.002"",
		  ""loanPurpose"": ""REFINANCE"",
		  ""propertyAddress"": ""na"",
		  ""propertyState"": ""NEVADA"",
		  ""propertyType"": ""OTHER"",
		  ""propertyZipCode"": ""39808"",
		  ""purchasePrice"": ""408900.005"",
		  ""LeadProviderName"": ""ENCOMPASS"",
		  ""IsMilitary"": ""Yes"",
		  ""CIS"": ""0.9"",
		  ""FICO"": ""391""
		}
	}
}",-100,,"System, Velocify",,,,2019-09-16 15:08:26.513637,6
2019-09-16 15:08:26.513688,10,1125768,09/10/2019 16:53:42,Email,432895,09/10/2019 16:53:41,117,Newly Assigned Lead Notification,,,,1,velocifysandbox@pro-pair.com,"Ewing, Ethan",20,Main,,2019-09-16 15:08:26.513688,5
2019-09-16 15:08:26.513740,10,1125768,09/10/2019 16:53:42,Email,432896,09/10/2019 16:53:41,119,Introduction Email: Generic,,,,-100,,"System, Email",,,,2019-09-16 15:08:26.513740,5
2019-09-16 15:08:26.513791,10,1125768,09/10/2019 16:53:42,Distribution,255807,09/10/2019 16:53:42,38,New Lead Distribution,,,,11404,test2@propair.ai,"ProPair, Rocks",,,,2019-09-16 15:08:26.513791,4
2019-09-16 15:08:26.513843,10,1125769,09/10/2019 16:55:42,Status,155594,09/10/2019 16:55:42,2,Contact Attempt 1,,,,-100,velocify.system.user@securesend.org,"System, Velocify",,,,2019-09-16 15:08:26.513843,7
2019-09-16 15:08:26.513895,10,1125769,09/10/2019 16:55:42,CreationLog,160782,09/10/2019 16:55:40,-50,,,,,1,velocifysandbox@pro-pair.com,"Ewing, Ethan",20,Main,-1,2019-09-16 15:08:26.513895,
2019-09-16 15:08:26.513948,10,1125769,09/10/2019 16:55:42,Export,113477,09/10/2019 16:55:41,-50,Failure,,,"https://nijt588ad1.execute-api.us-west-1.amazonaws.com/Stage/leads:{
	""lead"": {
		""payload"": {
			""id"": ""1125769"",
		  ""actionCount"": ""0"",
		  ""campaign"": ""Wisdom"",
		  ""campaignGroup"": ""Perks"",
		  ""creditProfile"": ""GOOD"",
		  ""dateAdded"": ""9/10/2019 4:55 PM"",
		  ""dayPhone"": ""(555) 091-1660"",
		  ""email"": ""jamessimmons@cooke-peters.biz"",
		  ""eveningPhone"": ""(555) 321-6793"",
		  ""existingHomeValue"": ""1"",
		  ""firstName"": ""Linda"",
		  ""intendedPropertyUse"": ""PRIMARYHOME"",
		  ""lastDuplicate"": """",
		  ""lastName"": ""Blanchard"",
		  ""loanAmount"": ""966286.00"",
		  ""loanPurpose"": ""REFINANCE"",
		  ""propertyAddress"": ""na"",
		  ""propertyState"": ""NY"",
		  ""propertyType"": ""MOBILEMANUFACTUREDHOME"",
		  ""propertyZipCode"": ""60218"",
		  ""purchasePrice"": ""209460.00"",
		  ""LeadProviderName"": ""ERICPEARSON"",
		  ""IsMilitary"": ""Yes"",
		  ""CIS"": ""0.4"",
		  ""FICO"": ""682""
		}
	}
}",-100,,"System, Velocify",,,,2019-09-16 15:08:26.513948,6
2019-09-16 15:08:26.513999,10,1125769,09/10/2019 16:55:42,Email,432898,09/10/2019 16:55:42,119,Introduction Email: Generic,,,,-100,,"System, Email",,,,2019-09-16 15:08:26.513999,5
2019-09-16 15:08:26.514050,10,1125769,09/10/2019 16:55:42,Email,432897,09/10/2019 16:55:41,117,Newly Assigned Lead Notification,,,,1,velocifysandbox@pro-pair.com,"Ewing, Ethan",20,Main,,2019-09-16 15:08:26.514050,5
2019-09-16 15:08:26.514085,10,1125769,09/10/2019 16:55:42,Distribution,255808,09/10/2019 16:55:42,38,New Lead Distribution,,,,11402,test4@pro-pair.com,"GottaHaveThose, Recommendations",,,,2019-09-16 15:08:26.514085,4
2019-09-16 15:08:26.514114,10,1125770,09/11/2019 01:06:08,Status,155595,09/10/2019 16:57:43,2,Contact Attempt 1,,,,-100,velocify.system.user@securesend.org,"System, Velocify",,,,2019-09-16 15:08:26.514114,7
2019-09-16 15:08:26.514145,10,1125770,09/11/2019 01:06:08,CreationLog,160783,09/10/2019 16:57:40,-50,,,,,1,velocifysandbox@pro-pair.com,"Ewing, Ethan",20,Main,-1,2019-09-16 15:08:26.514145,
2019-09-16 15:08:26.514171,10,1125770,09/11/2019 01:06:08,Export,113478,09/10/2019 16:57:42,-50,Failure,,,"https://nijt588ad1.execute-api.us-west-1.amazonaws.com/Stage/leads:{
	""lead"": {
		""payload"": {
			""id"": ""1125770"",
		  ""actionCount"": ""0"",
		  ""campaign"": ""Zeta"",
		  ""campaignGroup"": ""Banker RPG"",
		  ""creditProfile"": ""EXCELLENT"",
		  ""dateAdded"": ""9/10/2019 4:57 PM"",
		  ""dayPhone"": ""(555) 791-7192"",
		  ""email"": ""tyler10@hill.com"",
		  ""eveningPhone"": ""(555) 807-1783"",
		  ""existingHomeValue"": ""1"",
		  ""firstName"": ""Stephanie"",
		  ""intendedPropertyUse"": ""PRIMARY"",
		  ""lastDuplicate"": """",
		  ""lastName"": ""Lewis"",
		  ""loanAmount"": ""66841.00"",
		  ""loanPurpose"": ""8"",
		  ""propertyAddress"": ""na"",
		  ""propertyState"": ""CA"",
		  ""propertyType"": ""DETACHEDCONDO"",
		  ""propertyZipCode"": ""40967"",
		  ""purchasePrice"": ""764715.00"",
		  ""LeadProviderName"": ""LEADUPDATE"",
		  ""IsMilitary"": ""Yes"",
		  ""CIS"": ""0.8"",
		  ""FICO"": ""343""
		}
	}
}",-100,,"System, Velocify",,,,2019-09-16 15:08:26.514171,6
2019-09-16 15:08:26.514195,10,1125770,09/11/2019 01:06:08,Email,432900,09/10/2019 16:57:42,119,Introduction Email: Generic,,,,-100,,"System, Email",,,,2019-09-16 15:08:26.514195,5
2019-09-16 15:08:26.514220,10,1125770,09/11/2019 01:06:08,Email,432899,09/10/2019 16:57:42,117,Newly Assigned Lead Notification,,,,1,velocifysandbox@pro-pair.com,"Ewing, Ethan",20,Main,,2019-09-16 15:08:26.514220,5
2019-09-16 15:08:26.514244,10,1125770,09/11/2019 01:06:08,Distribution,255809,09/10/2019 16:57:43,38,New Lead Distribution,,,,1,velocifysandbox@pro-pair.com,"Ewing, Ethan",20,Main,,2019-09-16 15:08:26.514244,4
2019-09-16 15:08:26.514270,10,1125771,09/10/2019 16:59:41,Status,155596,09/10/2019 16:59:41,2,Contact Attempt 1,,,,-100,velocify.system.user@securesend.org,"System, Velocify",,,,2019-09-16 15:08:26.514270,7
2019-09-16 15:08:26.514295,10,1125771,09/10/2019 16:59:41,CreationLog,160784,09/10/2019 16:59:40,-50,,,,,1,velocifysandbox@pro-pair.com,"Ewing, Ethan",20,Main,-1,2019-09-16 15:08:26.514295,
2019-09-16 15:08:26.514321,10,1125771,09/10/2019 16:59:41,Export,113479,09/10/2019 16:59:41,-50,Failure,,,"https://nijt588ad1.execute-api.us-west-1.amazonaws.com/Stage/leads:{
	""lead"": {
		""payload"": {
			""id"": ""1125771"",
		  ""actionCount"": ""0"",
		  ""campaign"": ""BestRateReferrals"",
		  ""campaignGroup"": ""PROPAIR 3rd Party"",
		  ""creditProfile"": ""VERYGOOD"",
		  ""dateAdded"": ""9/10/2019 4:59 PM"",
		  ""dayPhone"": ""(555) 779-3206"",
		  ""email"": ""emilyvelez@yahoo.com"",
		  ""eveningPhone"": ""(555) 931-7428"",
		  ""existingHomeValue"": ""1"",
		  ""firstName"": ""Joshua"",
		  ""intendedPropertyUse"": ""INVESTMENTPROPERTY"",
		  ""lastDuplicate"": """",
		  ""lastName"": ""Hays"",
		  ""loanAmount"": ""935354.00"",
		  ""loanPurpose"": ""NOCASHOUTREFI"",
		  ""propertyAddress"": ""na"",
		  ""propertyState"": ""COLORADO"",
		  ""propertyType"": ""DETACHEDHOUSE"",
		  ""propertyZipCode"": ""78804"",
		  ""purchasePrice"": ""943203.0025"",
		  ""LeadProviderName"": ""HTTPSMYPROPAIR-BANK.COMAPPLYFHAREFINANCE"",
		  ""IsMilitary"": ""Yes"",
		  ""CIS"": ""0.5"",
		  ""FICO"": ""311""
		}
	}
}",-100,,"System, Velocify",,,,2019-09-16 15:08:26.514321,6
2019-09-16 15:08:26.514345,10,1125771,09/10/2019 16:59:41,Email,432902,09/10/2019 16:59:41,119,Introduction Email: Generic,,,,-100,,"System, Email",,,,2019-09-16 15:08:26.514345,5
2019-09-16 15:08:26.514369,10,1125771,09/10/2019 16:59:41,Email,432901,09/10/2019 16:59:41,117,Newly Assigned Lead Notification,,,,1,velocifysandbox@pro-pair.com,"Ewing, Ethan",20,Main,,2019-09-16 15:08:26.514369,5
2019-09-16 15:08:26.514394,10,1125771,09/10/2019 16:59:41,Distribution,255810,09/10/2019 16:59:41,38,New Lead Distribution,,,,11403,test3@propair.ai,"Johnson, Devon",,,,2019-09-16 15:08:26.514394,4
